Transaction_date,Price,Product
2013-01-01,1742,Product1
2013-01-02,1808,Product1
2013-01-03,1887,Product1
2013-01-04,1983,Product1
2013-01-05,2087,Product1
2013-01-06,2206,Product1
2013-01-07,1496,Product1
2013-01-08,1800,Product1
2013-01-09,1786,Product1
2013-01-1,1956,Product1
2013-01-11,1989,Product1
2013-01-12,2166,Product1
2013-01-13,2258,Product1
2013-01-14,1504,Product1
2013-01-15,1766,Product1
2013-01-16,1749,Product1
2013-01-17,1826,Product1
2013-01-18,2058,Product1
2013-01-19,2125,Product1
2013-01-2,2236,Product1
2013-01-21,1546,Product1
2013-01-22,1732,Product1
2013-01-23,1744,Product1
2013-01-24,1792,Product1
2013-01-25,2062,Product1
2013-01-26,2164,Product1
2013-01-27,2289,Product1
2013-01-28,1503,Product1
2013-01-29,1748,Product1
2013-01-3,1722,Product1
2013-01-31,1790,Product1
2013-02-01,2241,Product1
2013-02-02,2488,Product1
2013-02-03,2566,Product1
2013-02-04,1655,Product1
2013-02-05,1929,Product1
2013-02-06,2004,Product1
2013-02-07,2127,Product1
2013-02-08,2172,Product1
2013-02-09,2306,Product1
2013-02-1,2578,Product1
2013-02-11,1728,Product1
2013-02-12,1940,Product1
2013-02-13,1971,Product1
2013-02-14,2055,Product1
2013-02-15,2285,Product1
2013-02-16,2449,Product1
2013-02-17,2513,Product1
2013-02-18,1648,Product1
2013-02-19,1966,Product1
2013-02-2,1917,Product1
2013-02-21,2094,Product1
2013-02-22,2275,Product1
2013-02-23,2320,Product1
2013-02-24,2563,Product1
2013-02-25,1653,Product1
2013-02-26,1942,Product1
2013-02-27,1956,Product1
2013-02-28,2043,Product1
2013-03-01,2732,Product1
2013-03-02,2905,Product1
2013-03-03,3035,Product1
2013-03-04,2023,Product1
2013-03-05,2340,Product1
2013-03-06,2390,Product1
2013-03-07,2428,Product1
2013-03-08,2653,Product1
2013-03-09,2860,Product1
2013-03-1,2980,Product1
2013-03-11,1965,Product1
2013-03-12,2302,Product1
2013-03-13,2412,Product1
2013-03-14,2423,Product1
2013-03-15,2669,Product1
2013-03-16,2801,Product1
2013-03-17,3020,Product1
2013-03-18,2025,Product1
2013-03-19,2313,Product1
2013-03-2,2337,Product1
2013-03-21,2543,Product1
2013-03-22,2706,Product1
2013-03-23,2864,Product1
2013-03-24,2977,Product1
2013-03-25,1998,Product1
2013-03-26,2430,Product1
2013-03-27,2360,Product1
2013-03-28,2588,Product1
2013-03-29,2655,Product1
2013-03-3,2875,Product1
2013-03-31,3000,Product1
2013-04-01,2471,Product1
2013-04-02,2736,Product1
2013-04-03,2719,Product1
2013-04-04,2952,Product1
2013-04-05,3077,Product1
2013-04-06,3302,Product1
2013-04-07,3414,Product1
2013-04-08,2336,Product1
2013-04-09,2779,Product1
2013-04-1,2685,Product1
2013-04-11,3036,Product1
2013-04-12,3170,Product1
2013-04-13,3250,Product1
2013-04-14,3667,Product1
2013-04-15,2284,Product1
2013-04-16,2736,Product1
2013-04-17,2684,Product1
2013-04-18,2931,Product1
2013-04-19,3119,Product1
2013-04-2,3329,Product1
2013-04-21,3566,Product1
2013-04-22,2341,Product1
2013-04-23,2773,Product1
2013-04-24,2646,Product1
2013-04-25,2907,Product1
2013-04-26,3138,Product1
2013-04-27,3309,Product1
2013-04-28,3588,Product1
2013-04-29,2347,Product1
2013-04-3,2695,Product1
2013-05-01,2971,Product1
2013-05-02,3184,Product1
2013-05-03,3379,Product1
2013-05-04,3618,Product1
2013-05-05,3814,Product1
2013-05-06,2476,Product1
2013-05-07,2942,Product1
2013-05-08,2908,Product1
2013-05-09,3088,Product1
2013-05-1,3421,Product1
2013-05-11,3549,Product1
2013-05-12,3717,Product1
2013-05-13,2474,Product1
2013-05-14,2973,Product1
2013-05-15,2953,Product1
2013-05-16,3178,Product1
2013-05-17,3301,Product1
2013-05-18,3611,Product1
2013-05-19,3720,Product1
2013-05-2,2581,Product1
2013-05-21,2828,Product1
2013-05-22,2894,Product1
2013-05-23,3130,Product1
2013-05-24,3369,Product1
2013-05-25,3576,Product1
2013-05-26,3747,Product1
2013-05-27,2472,Product1
2013-05-28,3003,Product1
2013-05-29,2980,Product1
2013-05-3,3155,Product1
2013-05-31,3349,Product1
2013-06-01,3696,Product1
2013-06-02,4164,Product1
2013-06-03,2647,Product1
2013-06-04,3100,Product1
2013-06-05,3142,Product1
2013-06-06,3363,Product1
2013-06-07,3606,Product1
2013-06-08,3770,Product1
2013-06-09,3927,Product1
2013-06-1,2653,Product1
2013-06-11,3245,Product1
2013-06-12,3172,Product1
2013-06-13,3277,Product1
2013-06-14,3502,Product1
2013-06-15,3781,Product1
2013-06-16,4039,Product1
2013-06-17,2611,Product1
2013-06-18,3064,Product1
2013-06-19,3073,Product1
2013-06-2,3339,Product1
2013-06-21,3507,Product1
2013-06-22,3775,Product1
2013-06-23,4046,Product1
2013-06-24,2690,Product1
2013-06-25,3068,Product1
2013-06-26,3152,Product1
2013-06-27,3388,Product1
2013-06-28,3564,Product1
2013-06-29,3687,Product1
2013-06-3,4110,Product1
2013-07-01,2781,Product1
2013-07-02,3290,Product1
2013-07-03,3323,Product1
2013-07-04,3535,Product1
2013-07-05,3752,Product1
2013-07-06,4038,Product1
2013-07-07,4139,Product1
2013-07-08,2811,Product1
2013-07-09,3298,Product1
2013-07-1,3231,Product1
2013-07-11,3577,Product1
2013-07-12,3759,Product1
2013-07-13,4034,Product1
2013-07-14,4194,Product1
2013-07-15,2871,Product1
2013-07-16,3291,Product1
2013-07-17,3251,Product1
2013-07-18,3485,Product1
2013-07-19,3845,Product1
2013-07-2,4041,Product1
2013-07-21,4174,Product1
2013-07-22,2861,Product1
2013-07-23,3319,Product1
2013-07-24,3369,Product1
2013-07-25,3653,Product1
2013-07-26,3858,Product1
2013-07-27,4130,Product1
2013-07-28,4206,Product1
2013-07-29,2859,Product1
2013-07-3,3298,Product1
2013-07-31,3372,Product1
2013-08-01,3120,Product1
2013-08-02,3344,Product1
2013-08-03,3513,Product1
2013-08-04,3714,Product1
2013-08-05,2428,Product1
2013-08-06,2838,Product1
2013-08-07,2817,Product1
2013-08-08,3200,Product1
2013-08-09,3300,Product1
2013-08-1,3518,Product1
2013-08-11,3818,Product1
2013-08-12,2488,Product1
2013-08-13,2825,Product1
2013-08-14,2951,Product1
2013-08-15,3075,Product1
2013-08-16,3339,Product1
2013-08-17,3512,Product1
2013-08-18,3802,Product1
2013-08-19,2557,Product1
2013-08-2,2912,Product1
2013-08-21,2821,Product1
2013-08-22,3072,Product1
2013-08-23,3304,Product1
2013-08-24,3632,Product1
2013-08-25,3706,Product1
2013-08-26,2488,Product1
2013-08-27,2943,Product1
2013-08-28,2971,Product1
2013-08-29,3111,Product1
2013-08-3,3328,Product1
2013-08-31,3545,Product1
2013-09-01,3530,Product1
2013-09-02,2363,Product1
2013-09-03,2845,Product1
2013-09-04,2729,Product1
2013-09-05,2978,Product1
2013-09-06,3088,Product1
2013-09-07,3243,Product1
2013-09-08,3514,Product1
2013-09-09,2350,Product1
2013-09-1,2771,Product1
2013-09-11,2740,Product1
2013-09-12,2849,Product1
2013-09-13,3091,Product1
2013-09-14,3256,Product1
2013-09-15,3561,Product1
2013-09-16,2322,Product1
2013-09-17,2679,Product1
2013-09-18,2677,Product1
2013-09-19,2988,Product1
2013-09-2,3178,Product1
2013-09-21,3338,Product1
2013-09-22,3473,Product1
2013-09-23,2388,Product1
2013-09-24,2752,Product1
2013-09-25,2727,Product1
2013-09-26,2969,Product1
2013-09-27,3090,Product1
2013-09-28,3258,Product1
2013-09-29,3561,Product1
2013-09-3,2365,Product1
2013-10-01,2487,Product1
2013-10-02,2589,Product1
2013-10-03,2732,Product1
2013-10-04,2854,Product1
2013-10-05,3105,Product1
2013-10-06,3178,Product1
2013-10-07,2197,Product1
2013-10-08,2517,Product1
2013-10-09,2582,Product1
2013-10-1,2713,Product1
2013-10-11,2823,Product1
2013-10-12,3074,Product1
2013-10-13,3173,Product1
2013-10-14,2164,Product1
2013-10-15,2582,Product1
2013-10-16,2521,Product1
2013-10-17,2698,Product1
2013-10-18,2795,Product1
2013-10-19,3098,Product1
2013-10-2,3213,Product1
2013-10-21,2195,Product1
2013-10-22,2515,Product1
2013-10-23,2568,Product1
2013-10-24,2706,Product1
2013-10-25,2865,Product1
2013-10-26,3010,Product1
2013-10-27,3155,Product1
2013-10-28,2130,Product1
2013-10-29,2574,Product1
2013-10-3,2585,Product1
2013-10-31,2695,Product1
2013-11-01,3052,Product1
2013-11-02,3258,Product1
2013-11-03,3484,Product1
2013-11-04,2359,Product1
2013-11-05,2751,Product1
2013-11-06,2626,Product1
2013-11-07,2889,Product1
2013-11-08,3179,Product1
2013-11-09,3432,Product1
2013-11-1,3512,Product1
2013-11-11,2293,Product1
2013-11-12,2714,Product1
2013-11-13,2715,Product1
2013-11-14,2916,Product1
2013-11-15,3103,Product1
2013-11-16,3346,Product1
2013-11-17,3585,Product1
2013-11-18,2418,Product1
2013-11-19,2833,Product1
2013-11-2,2730,Product1
2013-11-21,2888,Product1
2013-11-22,3051,Product1
2013-11-23,3292,Product1
2013-11-24,3444,Product1
2013-11-25,2319,Product1
2013-11-26,2764,Product1
2013-11-27,2790,Product1
2013-11-28,2884,Product1
2013-11-29,3019,Product1
2013-11-3,3228,Product1
2013-12-01,2515,Product1
2013-12-02,1770,Product1
2013-12-03,1946,Product1
2013-12-04,1926,Product1
2013-12-05,2080,Product1
2013-12-06,2183,Product1
2013-12-07,2394,Product1
2013-12-08,2379,Product1
2013-12-09,1563,Product1
2013-12-1,1932,Product1
2013-12-11,2021,Product1
2013-12-12,2120,Product1
2013-12-13,2209,Product1
2013-12-14,2322,Product1
2013-12-15,2512,Product1
2013-12-16,1731,Product1
2013-12-17,1869,Product1
2013-12-18,1940,Product1
2013-12-19,2096,Product1
2013-12-2,2234,Product1
2013-12-21,2421,Product1
2013-12-22,2547,Product1
2013-12-23,1699,Product1
2013-12-24,1941,Product1
2013-12-25,1977,Product1
2013-12-26,2094,Product1
2013-12-27,2143,Product1
2013-12-28,2368,Product1
2013-12-29,2393,Product1
2013-12-3,1663,Product1
2013-12-31,1954,Product1
2014-01-01,1937,Product1
2014-01-02,2167,Product1
2014-01-03,2355,Product1
2014-01-04,2475,Product1
2014-01-05,2545,Product1
2014-01-06,1695,Product1
2014-01-07,2009,Product1
2014-01-08,1966,Product1
2014-01-09,2227,Product1
2014-01-1,2280,Product1
2014-01-11,2375,Product1
2014-01-12,2539,Product1
2014-01-13,1745,Product1
2014-01-14,1987,Product1
2014-01-15,1970,Product1
2014-01-16,2079,Product1
2014-01-17,2322,Product1
2014-01-18,2453,Product1
2014-01-19,2572,Product1
2014-01-2,1777,Product1
2014-01-21,1975,Product1
2014-01-22,1982,Product1
2014-01-23,2161,Product1
2014-01-24,2343,Product1
2014-01-25,2538,Product1
2014-01-26,2565,Product1
2014-01-27,1711,Product1
2014-01-28,2076,Product1
2014-01-29,2042,Product1
2014-01-3,2160,Product1
2014-01-31,2287,Product1
2014-02-01,2773,Product1
2014-02-02,2947,Product1
2014-02-03,1880,Product1
2014-02-04,2214,Product1
2014-02-05,2214,Product1
2014-02-06,2335,Product1
2014-02-07,2600,Product1
2014-02-08,2751,Product1
2014-02-09,2967,Product1
2014-02-1,1856,Product1
2014-02-11,2217,Product1
2014-02-12,2197,Product1
2014-02-13,2404,Product1
2014-02-14,2502,Product1
2014-02-15,2675,Product1
2014-02-16,2836,Product1
2014-02-17,1954,Product1
2014-02-18,2224,Product1
2014-02-19,2218,Product1
2014-02-2,2384,Product1
2014-02-21,2598,Product1
2014-02-22,2648,Product1
2014-02-23,2826,Product1
2014-02-24,1911,Product1
2014-02-25,2350,Product1
2014-02-26,2302,Product1
2014-02-27,2332,Product1
2014-02-28,2490,Product1
2014-03-01,3312,Product1
2014-03-02,3545,Product1
2014-03-03,2310,Product1
2014-03-04,2746,Product1
2014-03-05,2647,Product1
2014-03-06,2867,Product1
2014-03-07,3039,Product1
2014-03-08,3270,Product1
2014-03-09,3488,Product1
2014-03-1,2237,Product1
2014-03-11,2707,Product1
2014-03-12,2705,Product1
2014-03-13,2831,Product1
2014-03-14,3082,Product1
2014-03-15,3329,Product1
2014-03-16,3414,Product1
2014-03-17,2277,Product1
2014-03-18,2724,Product1
2014-03-19,2700,Product1
2014-03-2,2931,Product1
2014-03-21,2993,Product1
2014-03-22,3284,Product1
2014-03-23,3449,Product1
2014-03-24,2250,Product1
2014-03-25,2609,Product1
2014-03-26,2669,Product1
2014-03-27,2854,Product1
2014-03-28,3133,Product1
2014-03-29,3279,Product1
2014-03-3,3576,Product1
2014-03-31,2290,Product1
2014-04-01,3063,Product1
2014-04-02,3135,Product1
2014-04-03,3326,Product1
2014-04-04,3505,Product1
2014-04-05,3852,Product1
2014-04-06,4084,Product1
2014-04-07,2726,Product1
2014-04-08,3160,Product1
2014-04-09,3198,Product1
2014-04-1,3319,Product1
2014-04-11,3572,Product1
2014-04-12,3902,Product1
2014-04-13,4104,Product1
2014-04-14,2679,Product1
2014-04-15,3207,Product1
2014-04-16,3137,Product1
2014-04-17,3494,Product1
2014-04-18,3524,Product1
2014-04-19,3813,Product1
2014-04-2,3904,Product1
2014-04-21,2706,Product1
2014-04-22,3161,Product1
2014-04-23,3130,Product1
2014-04-24,3350,Product1
2014-04-25,3567,Product1
2014-04-26,3751,Product1
2014-04-27,4096,Product1
2014-04-28,2794,Product1
2014-04-29,3149,Product1
2014-04-3,3056,Product1
2014-05-01,3709,Product1
2014-05-02,3900,Product1
2014-05-03,4031,Product1
2014-05-04,4295,Product1
2014-05-05,2942,Product1
2014-05-06,3468,Product1
2014-05-07,3405,Product1
2014-05-08,3614,Product1
2014-05-09,3770,Product1
2014-05-1,4017,Product1
2014-05-11,4323,Product1
2014-05-12,2993,Product1
2014-05-13,3340,Product1
2014-05-14,3267,Product1
2014-05-15,3571,Product1
2014-05-16,3749,Product1
2014-05-17,4104,Product1
2014-05-18,4258,Product1
2014-05-19,2930,Product1
2014-05-2,3294,Product1
2014-05-21,3389,Product1
2014-05-22,3581,Product1
2014-05-23,3784,Product1
2014-05-24,4120,Product1
2014-05-25,4302,Product1
2014-05-26,2840,Product1
2014-05-27,3415,Product1
2014-05-28,3444,Product1
2014-05-29,3600,Product1
2014-05-3,3757,Product1
2014-05-31,4057,Product1
2014-06-01,4606,Product1
2014-06-02,3096,Product1
2014-06-03,3552,Product1
2014-06-04,3525,Product1
2014-06-05,3731,Product1
2014-06-06,4194,Product1
2014-06-07,4210,Product1
2014-06-08,4587,Product1
2014-06-09,3034,Product1
2014-06-1,3627,Product1
2014-06-11,3615,Product1
2014-06-12,3870,Product1
2014-06-13,4091,Product1
2014-06-14,4386,Product1
2014-06-15,4696,Product1
2014-06-16,3147,Product1
2014-06-17,3611,Product1
2014-06-18,3621,Product1
2014-06-19,3880,Product1
2014-06-2,4136,Product1
2014-06-21,4414,Product1
2014-06-22,4501,Product1
2014-06-23,3027,Product1
2014-06-24,3591,Product1
2014-06-25,3603,Product1
2014-06-26,3981,Product1
2014-06-27,4084,Product1
2014-06-28,4407,Product1
2014-06-29,4644,Product1
2014-06-3,3023,Product1
2014-07-01,3784,Product1
2014-07-02,3873,Product1
2014-07-03,4040,Product1
2014-07-04,4358,Product1
2014-07-05,4545,Product1
2014-07-06,4985,Product1
2014-07-07,3272,Product1
2014-07-08,3808,Product1
2014-07-09,3908,Product1
2014-07-1,4147,Product1
2014-07-11,4428,Product1
2014-07-12,4621,Product1
2014-07-13,4791,Product1
2014-07-14,3262,Product1
2014-07-15,3910,Product1
2014-07-16,3749,Product1
2014-07-17,4125,Product1
2014-07-18,4433,Product1
2014-07-19,4593,Product1
2014-07-2,4814,Product1
2014-07-21,3201,Product1
2014-07-22,3773,Product1
2014-07-23,3699,Product1
2014-07-24,4081,Product1
2014-07-25,4377,Product1
2014-07-26,4556,Product1
2014-07-27,4895,Product1
2014-07-28,3235,Product1
2014-07-29,3764,Product1
2014-07-3,3896,Product1
2014-07-31,4101,Product1
2014-08-01,3849,Product1
2014-08-02,4114,Product1
2014-08-03,4291,Product1
2014-08-04,2929,Product1
2014-08-05,3316,Product1
2014-08-06,3346,Product1
2014-08-07,3608,Product1
2014-08-08,3759,Product1
2014-08-09,3997,Product1
2014-08-1,4230,Product1
2014-08-11,2889,Product1
2014-08-12,3428,Product1
2014-08-13,3350,Product1
2014-08-14,3538,Product1
2014-08-15,3762,Product1
2014-08-16,3955,Product1
2014-08-17,4405,Product1
2014-08-18,2870,Product1
2014-08-19,3339,Product1
2014-08-2,3325,Product1
2014-08-21,3618,Product1
2014-08-22,3711,Product1
2014-08-23,3996,Product1
2014-08-24,4296,Product1
2014-08-25,2806,Product1
2014-08-26,3337,Product1
2014-08-27,3338,Product1
2014-08-28,3566,Product1
2014-08-29,3873,Product1
2014-08-3,4031,Product1
2014-08-31,4344,Product1
2014-09-01,2656,Product1
2014-09-02,3082,Product1
2014-09-03,3081,Product1
2014-09-04,3390,Product1
2014-09-05,3553,Product1
2014-09-06,3788,Product1
2014-09-07,4027,Product1
2014-09-08,2670,Product1
2014-09-09,3120,Product1
2014-09-1,3261,Product1
2014-09-11,3318,Product1
2014-09-12,3599,Product1
2014-09-13,3876,Product1
2014-09-14,4039,Product1
2014-09-15,2732,Product1
2014-09-16,3056,Product1
2014-09-17,3091,Product1
2014-09-18,3320,Product1
2014-09-19,3663,Product1
2014-09-2,3758,Product1
2014-09-21,3971,Product1
2014-09-22,2667,Product1
2014-09-23,3084,Product1
2014-09-24,3086,Product1
2014-09-25,3294,Product1
2014-09-26,3529,Product1
2014-09-27,3802,Product1
2014-09-28,4076,Product1
2014-09-29,2685,Product1
2014-09-3,3066,Product1
2014-10-01,2928,Product1
2014-10-02,3200,Product1
2014-10-03,3414,Product1
2014-10-04,3523,Product1
2014-10-05,3741,Product1
2014-10-06,2533,Product1
2014-10-07,2861,Product1
2014-10-08,2895,Product1
2014-10-09,3110,Product1
2014-10-1,3236,Product1
2014-10-11,3381,Product1
2014-10-12,3700,Product1
2014-10-13,2468,Product1
2014-10-14,2944,Product1
2014-10-15,3000,Product1
2014-10-16,3002,Product1
2014-10-17,3341,Product1
2014-10-18,3570,Product1
2014-10-19,3736,Product1
2014-10-2,2534,Product1
2014-10-21,3013,Product1
2014-10-22,2934,Product1
2014-10-23,3068,Product1
2014-10-24,3399,Product1
2014-10-25,3529,Product1
2014-10-26,3731,Product1
2014-10-27,2562,Product1
2014-10-28,2935,Product1
2014-10-29,2868,Product1
2014-10-3,3154,Product1
2014-10-31,3423,Product1
2014-11-01,3806,Product1
2014-11-02,3884,Product1
2014-11-03,2709,Product1
2014-11-04,3110,Product1
2014-11-05,3172,Product1
2014-11-06,3344,Product1
2014-11-07,3520,Product1
2014-11-08,3807,Product1
2014-11-09,4029,Product1
2014-11-1,2656,Product1
2014-11-11,3200,Product1
2014-11-12,3138,Product1
2014-11-13,3302,Product1
2014-11-14,3648,Product1
2014-11-15,3747,Product1
2014-11-16,4099,Product1
2014-11-17,2680,Product1
2014-11-18,3077,Product1
2014-11-19,3114,Product1
2014-11-2,3340,Product1
2014-11-21,3630,Product1
2014-11-22,3869,Product1
2014-11-23,4104,Product1
2014-11-24,2732,Product1
2014-11-25,3066,Product1
2014-11-26,3179,Product1
2014-11-27,3331,Product1
2014-11-28,3650,Product1
2014-11-29,3811,Product1
2014-11-3,4051,Product1
2014-12-01,1983,Product1
2014-12-02,2213,Product1
2014-12-03,2235,Product1
2014-12-04,2320,Product1
2014-12-05,2579,Product1
2014-12-06,2631,Product1
2014-12-07,2799,Product1
2014-12-08,1938,Product1
2014-12-09,2233,Product1
2014-12-1,2216,Product1
2014-12-11,2369,Product1
2014-12-12,2565,Product1
2014-12-13,2757,Product1
2014-12-14,2973,Product1
2014-12-15,1885,Product1
2014-12-16,2228,Product1
2014-12-17,2324,Product1
2014-12-18,2469,Product1
2014-12-19,2547,Product1
2014-12-2,2604,Product1
2014-12-21,2916,Product1
2014-12-22,1927,Product1
2014-12-23,2237,Product1
2014-12-24,2259,Product1
2014-12-25,2356,Product1
2014-12-26,2495,Product1
2014-12-27,2664,Product1
2014-12-28,2821,Product1
2014-12-29,1909,Product1
2014-12-3,2261,Product1
2014-12-31,2276,Product1
2015-01-01,2167,Product1
2015-01-02,2382,Product1
2015-01-03,2506,Product1
2015-01-04,2708,Product1
2015-01-05,1820,Product1
2015-01-06,2116,Product1
2015-01-07,2032,Product1
2015-01-08,2257,Product1
2015-01-09,2530,Product1
2015-01-1,2564,Product1
2015-01-11,2694,Product1
2015-01-12,1805,Product1
2015-01-13,2083,Product1
2015-01-14,2097,Product1
2015-01-15,2300,Product1
2015-01-16,2437,Product1
2015-01-17,2602,Product1
2015-01-18,2672,Product1
2015-01-19,1823,Product1
2015-01-2,2008,Product1
2015-01-21,2089,Product1
2015-01-22,2263,Product1
2015-01-23,2382,Product1
2015-01-24,2620,Product1
2015-01-25,2822,Product1
2015-01-26,1780,Product1
2015-01-27,2061,Product1
2015-01-28,2155,Product1
2015-01-29,2161,Product1
2015-01-3,2405,Product1
2015-01-31,2538,Product1
2015-02-01,3013,Product1
2015-02-02,2046,Product1
2015-02-03,2318,Product1
2015-02-04,2404,Product1
2015-02-05,2486,Product1
2015-02-06,2679,Product1
2015-02-07,2870,Product1
2015-02-08,2988,Product1
2015-02-09,1970,Product1
2015-02-1,2358,Product1
2015-02-11,2364,Product1
2015-02-12,2543,Product1
2015-02-13,2592,Product1
2015-02-14,2790,Product1
2015-02-15,2969,Product1
2015-02-16,1973,Product1
2015-02-17,2387,Product1
2015-02-18,2331,Product1
2015-02-19,2539,Product1
2015-02-2,2880,Product1
2015-02-21,2831,Product1
2015-02-22,2967,Product1
2015-02-23,1983,Product1
2015-02-24,2291,Product1
2015-02-25,2309,Product1
2015-02-26,2495,Product1
2015-02-27,2761,Product1
2015-02-28,2813,Product1
2015-03-01,3576,Product1
2015-03-02,2271,Product1
2015-03-03,2704,Product1
2015-03-04,2806,Product1
2015-03-05,3093,Product1
2015-03-06,3164,Product1
2015-03-07,3482,Product1
2015-03-08,3553,Product1
2015-03-09,2303,Product1
2015-03-1,2796,Product1
2015-03-11,2657,Product1
2015-03-12,3024,Product1
2015-03-13,3239,Product1
2015-03-14,3370,Product1
2015-03-15,3629,Product1
2015-03-16,2421,Product1
2015-03-17,2713,Product1
2015-03-18,2799,Product1
2015-03-19,2890,Product1
2015-03-2,3253,Product1
2015-03-21,3370,Product1
2015-03-22,3602,Product1
2015-03-23,2374,Product1
2015-03-24,2833,Product1
2015-03-25,2687,Product1
2015-03-26,2998,Product1
2015-03-27,3250,Product1
2015-03-28,3331,Product1
2015-03-29,3596,Product1
2015-03-3,2426,Product1
2015-03-31,2794,Product1
2015-04-01,3237,Product1
2015-04-02,3498,Product1
2015-04-03,3735,Product1
2015-04-04,3972,Product1
2015-04-05,4225,Product1
2015-04-06,2803,Product1
2015-04-07,3321,Product1
2015-04-08,3099,Product1
2015-04-09,3514,Product1
2015-04-1,3768,Product1
2015-04-11,4012,Product1
2015-04-12,4265,Product1
2015-04-13,2796,Product1
2015-04-14,3263,Product1
2015-04-15,3296,Product1
2015-04-16,3617,Product1
2015-04-17,3865,Product1
2015-04-18,4040,Product1
2015-04-19,4306,Product1
2015-04-2,2782,Product1
2015-04-21,3205,Product1
2015-04-22,3270,Product1
2015-04-23,3570,Product1
2015-04-24,3660,Product1
2015-04-25,3972,Product1
2015-04-26,4275,Product1
2015-04-27,2769,Product1
2015-04-28,3277,Product1
2015-04-29,3292,Product1
2015-04-3,3462,Product1
2015-05-01,4031,Product1
2015-05-02,4301,Product1
2015-05-03,4393,Product1
2015-05-04,2966,Product1
2015-05-05,3620,Product1
2015-05-06,3539,Product1
2015-05-07,3850,Product1
2015-05-08,3987,Product1
2015-05-09,4248,Product1
2015-05-1,4515,Product1
2015-05-11,3007,Product1
2015-05-12,3427,Product1
2015-05-13,3464,Product1
2015-05-14,3816,Product1
2015-05-15,4035,Product1
2015-05-16,4159,Product1
2015-05-17,4555,Product1
2015-05-18,2923,Product1
2015-05-19,3504,Product1
2015-05-2,3561,Product1
2015-05-21,3798,Product1
2015-05-22,3966,Product1
2015-05-23,4288,Product1
2015-05-24,4488,Product1
2015-05-25,2996,Product1
2015-05-26,3386,Product1
2015-05-27,3549,Product1
2015-05-28,3708,Product1
2015-05-29,4094,Product1
2015-05-3,4117,Product1
2015-05-31,4489,Product1
2015-06-01,3155,Product1
2015-06-02,3770,Product1
2015-06-03,3699,Product1
2015-06-04,4000,Product1
2015-06-05,4313,Product1
2015-06-06,4558,Product1
2015-06-07,4813,Product1
2015-06-08,3188,Product1
2015-06-09,3687,Product1
2015-06-1,3726,Product1
2015-06-11,4046,Product1
2015-06-12,4197,Product1
2015-06-13,4508,Product1
2015-06-14,4854,Product1
2015-06-15,3098,Product1
2015-06-16,3700,Product1
2015-06-17,3747,Product1
2015-06-18,3857,Product1
2015-06-19,4244,Product1
2015-06-2,4615,Product1
2015-06-21,4726,Product1
2015-06-22,3169,Product1
2015-06-23,3657,Product1
2015-06-24,3778,Product1
2015-06-25,4087,Product1
2015-06-26,4268,Product1
2015-06-27,4601,Product1
2015-06-28,4665,Product1
2015-06-29,3173,Product1
2015-06-3,3773,Product1
2015-07-01,4084,Product1
2015-07-02,4409,Product1
2015-07-03,4524,Product1
2015-07-04,4789,Product1
2015-07-05,5062,Product1
2015-07-06,3432,Product1
2015-07-07,3880,Product1
2015-07-08,3968,Product1
2015-07-09,4253,Product1
2015-07-1,4482,Product1
2015-07-11,4678,Product1
2015-07-12,5174,Product1
2015-07-13,3509,Product1
2015-07-14,3897,Product1
2015-07-15,4013,Product1
2015-07-16,4290,Product1
2015-07-17,4587,Product1
2015-07-18,4834,Product1
2015-07-19,5110,Product1
2015-07-2,3420,Product1
2015-07-21,3917,Product1
2015-07-22,3909,Product1
2015-07-23,4244,Product1
2015-07-24,4580,Product1
2015-07-25,4730,Product1
2015-07-26,5030,Product1
2015-07-27,3424,Product1
2015-07-28,3970,Product1
2015-07-29,4008,Product1
2015-07-3,4155,Product1
2015-07-31,4445,Product1
2015-08-01,4234,Product1
2015-08-02,4589,Product1
2015-08-03,3212,Product1
2015-08-04,3377,Product1
2015-08-05,3515,Product1
2015-08-06,3851,Product1
2015-08-07,4053,Product1
2015-08-08,4282,Product1
2015-08-09,4467,Product1
2015-08-1,2992,Product1
2015-08-11,3537,Product1
2015-08-12,3378,Product1
2015-08-13,3744,Product1
2015-08-14,3934,Product1
2015-08-15,4358,Product1
2015-08-16,4486,Product1
2015-08-17,3076,Product1
2015-08-18,3436,Product1
2015-08-19,3465,Product1
2015-08-2,3793,Product1
2015-08-21,4163,Product1
2015-08-22,4202,Product1
2015-08-23,4469,Product1
2015-08-24,3030,Product1
2015-08-25,3403,Product1
2015-08-26,3498,Product1
2015-08-27,3737,Product1
2015-08-28,4042,Product1
2015-08-29,4155,Product1
2015-08-3,4644,Product1
2015-08-31,3104,Product1
2015-09-01,3319,Product1
2015-09-02,3133,Product1
2015-09-03,3505,Product1
2015-09-04,3746,Product1
2015-09-05,4000,Product1
2015-09-06,4342,Product1
2015-09-07,2797,Product1
2015-09-08,3244,Product1
2015-09-09,3253,Product1
2015-09-1,3503,Product1
2015-09-11,3699,Product1
2015-09-12,3980,Product1
2015-09-13,4170,Product1
2015-09-14,2658,Product1
2015-09-15,3257,Product1
2015-09-16,3223,Product1
2015-09-17,3503,Product1
2015-09-18,3684,Product1
2015-09-19,3905,Product1
2015-09-2,4191,Product1
2015-09-21,2846,Product1
2015-09-22,3292,Product1
2015-09-23,3218,Product1
2015-09-24,3505,Product1
2015-09-25,3797,Product1
2015-09-26,3929,Product1
2015-09-27,4223,Product1
2015-09-28,2793,Product1
2015-09-29,3386,Product1
2015-09-3,3322,Product1
2015-10-01,3324,Product1
2015-10-02,3551,Product1
2015-10-03,3712,Product1
2015-10-04,3800,Product1
2015-10-05,2622,Product1
2015-10-06,2961,Product1
2015-10-07,3109,Product1
2015-10-08,3263,Product1
2015-10-09,3376,Product1
2015-10-1,3624,Product1
2015-10-11,3971,Product1
2015-10-12,2662,Product1
2015-10-13,3042,Product1
2015-10-14,2954,Product1
2015-10-15,3154,Product1
2015-10-16,3501,Product1
2015-10-17,3661,Product1
2015-10-18,3864,Product1
2015-10-19,2521,Product1
2015-10-2,3033,Product1
2015-10-21,3055,Product1
2015-10-22,3233,Product1
2015-10-23,3540,Product1
2015-10-24,3626,Product1
2015-10-25,3937,Product1
2015-10-26,2661,Product1
2015-10-27,3007,Product1
2015-10-28,3078,Product1
2015-10-29,3278,Product1
2015-10-3,3477,Product1
2015-10-31,3661,Product1
2015-11-01,4307,Product1
2015-11-02,2846,Product1
2015-11-03,3292,Product1
2015-11-04,3217,Product1
2015-11-05,3581,Product1
2015-11-06,3756,Product1
2015-11-07,3903,Product1
2015-11-08,4177,Product1
2015-11-09,2831,Product1
2015-11-1,3220,Product1
2015-11-11,3317,Product1
2015-11-12,3557,Product1
2015-11-13,3748,Product1
2015-11-14,3897,Product1
2015-11-15,4191,Product1
2015-11-16,2842,Product1
2015-11-17,3233,Product1
2015-11-18,3281,Product1
2015-11-19,3421,Product1
2015-11-2,3668,Product1
2015-11-21,4003,Product1
2015-11-22,4215,Product1
2015-11-23,2734,Product1
2015-11-24,3286,Product1
2015-11-25,3271,Product1
2015-11-26,3534,Product1
2015-11-27,3721,Product1
2015-11-28,3943,Product1
2015-11-29,4185,Product1
2015-11-3,2808,Product1
2015-12-01,2293,Product1
2015-12-02,2435,Product1
2015-12-03,2521,Product1
2015-12-04,2663,Product1
2015-12-05,2986,Product1
2015-12-06,3034,Product1
2015-12-07,1979,Product1
2015-12-08,2401,Product1
2015-12-09,2324,Product1
2015-12-1,2487,Product1
2015-12-11,2668,Product1
2015-12-12,2906,Product1
2015-12-13,2993,Product1
2015-12-14,2043,Product1
2015-12-15,2313,Product1
2015-12-16,2382,Product1
2015-12-17,2487,Product1
2015-12-18,2657,Product1
2015-12-19,2696,Product1
2015-12-2,3006,Product1
2015-12-21,2030,Product1
2015-12-22,2340,Product1
2015-12-23,2323,Product1
2015-12-24,2529,Product1
2015-12-25,2580,Product1
2015-12-26,2841,Product1
2015-12-27,2968,Product1
2015-12-28,1965,Product1
2015-12-29,2366,Product1
2015-12-3,2355,Product1
2015-12-31,2463,Product1
2016-01-01,2630,Product1
2016-01-02,2703,Product1
2016-01-03,2923,Product1
2016-01-04,1940,Product1
2016-01-05,2365,Product1
2016-01-06,2226,Product1
2016-01-07,2431,Product1
2016-01-08,2593,Product1
2016-01-09,2846,Product1
2016-01-1,2960,Product1
2016-01-11,1965,Product1
2016-01-12,2259,Product1
2016-01-13,2206,Product1
2016-01-14,2412,Product1
2016-01-15,2676,Product1
2016-01-16,2841,Product1
2016-01-17,2931,Product1
2016-01-18,1945,Product1
2016-01-19,2290,Product1
2016-01-2,2253,Product1
2016-01-21,2474,Product1
2016-01-22,2616,Product1
2016-01-23,2751,Product1
2016-01-24,2921,Product1
2016-01-25,2000,Product1
2016-01-26,2192,Product1
2016-01-27,2344,Product1
2016-01-28,2421,Product1
2016-01-29,2616,Product1
2016-01-3,2722,Product1
2016-01-31,2940,Product1
2016-02-01,2103,Product1
2016-02-02,2536,Product1
2016-02-03,2595,Product1
2016-02-04,2701,Product1
2016-02-05,2904,Product1
2016-02-06,3037,Product1
2016-02-07,3132,Product1
2016-02-08,2130,Product1
2016-02-09,2573,Product1
2016-02-1,2512,Product1
2016-02-11,2693,Product1
2016-02-12,2900,Product1
2016-02-13,3069,Product1
2016-02-14,3250,Product1
2016-02-15,2138,Product1
2016-02-16,2597,Product1
2016-02-17,2543,Product1
2016-02-18,2743,Product1
2016-02-19,2935,Product1
2016-02-2,3107,Product1
2016-02-21,3185,Product1
2016-02-22,2250,Product1
2016-02-23,2518,Product1
2016-02-24,2485,Product1
2016-02-25,2805,Product1
2016-02-26,2942,Product1
2016-02-27,3116,Product1
2016-02-28,3217,Product1
2016-02-29,2135,Product1
2016-03-01,3069,Product1
2016-03-02,2955,Product1
2016-03-03,3228,Product1
2016-03-04,3443,Product1
2016-03-05,3749,Product1
2016-03-06,3978,Product1
2016-03-07,2559,Product1
2016-03-08,3069,Product1
2016-03-09,3020,Product1
2016-03-1,3211,Product1
2016-03-11,3557,Product1
2016-03-12,3745,Product1
2016-03-13,3952,Product1
2016-03-14,2603,Product1
2016-03-15,3079,Product1
2016-03-16,2956,Product1
2016-03-17,3333,Product1
2016-03-18,3541,Product1
2016-03-19,3675,Product1
2016-03-2,3837,Product1
2016-03-21,2658,Product1
2016-03-22,3179,Product1
2016-03-23,2938,Product1
2016-03-24,3210,Product1
2016-03-25,3467,Product1
2016-03-26,3688,Product1
2016-03-27,3901,Product1
2016-03-28,2687,Product1
2016-03-29,3072,Product1
2016-03-3,2993,Product1
2016-03-31,3243,Product1
2016-04-01,4125,Product1
2016-04-02,4280,Product1
2016-04-03,4636,Product1
2016-04-04,2963,Product1
2016-04-05,3564,Product1
2016-04-06,3656,Product1
2016-04-07,3776,Product1
2016-04-08,3965,Product1
2016-04-09,4279,Product1
2016-04-1,4537,Product1
2016-04-11,3004,Product1
2016-04-12,3463,Product1
2016-04-13,3578,Product1
2016-04-14,3724,Product1
2016-04-15,3953,Product1
2016-04-16,4176,Product1
2016-04-17,4646,Product1
2016-04-18,3075,Product1
2016-04-19,3542,Product1
2016-04-2,3481,Product1
2016-04-21,3702,Product1
2016-04-22,4086,Product1
2016-04-23,4283,Product1
2016-04-24,4559,Product1
2016-04-25,3136,Product1
2016-04-26,3537,Product1
2016-04-27,3469,Product1
2016-04-28,3916,Product1
2016-04-29,4035,Product1
2016-04-3,4408,Product1
2016-05-01,4845,Product1
2016-05-02,3255,Product1
2016-05-03,3839,Product1
2016-05-04,3810,Product1
2016-05-05,4105,Product1
2016-05-06,4397,Product1
2016-05-07,4676,Product1
2016-05-08,4858,Product1
2016-05-09,3287,Product1
2016-05-1,3788,Product1
2016-05-11,3807,Product1
2016-05-12,4022,Product1
2016-05-13,4277,Product1
2016-05-14,4561,Product1
2016-05-15,4703,Product1
2016-05-16,3305,Product1
2016-05-17,3735,Product1
2016-05-18,3770,Product1
2016-05-19,4013,Product1
2016-05-2,4492,Product1
2016-05-21,4663,Product1
2016-05-22,4738,Product1
2016-05-23,3272,Product1
2016-05-24,3750,Product1
2016-05-25,3784,Product1
2016-05-26,4012,Product1
2016-05-27,4194,Product1
2016-05-28,4473,Product1
2016-05-29,5051,Product1
2016-05-3,3241,Product1
2016-05-31,3880,Product1
2016-06-01,3988,Product1
2016-06-02,4351,Product1
2016-06-03,4620,Product1
2016-06-04,4913,Product1
2016-06-05,5429,Product1
2016-06-06,3481,Product1
2016-06-07,4069,Product1
2016-06-08,3952,Product1
2016-06-09,4377,Product1
2016-06-1,4558,Product1
2016-06-11,4952,Product1
2016-06-12,5153,Product1
2016-06-13,3483,Product1
2016-06-14,4022,Product1
2016-06-15,4124,Product1
2016-06-16,4412,Product1
2016-06-17,4745,Product1
2016-06-18,4690,Product1
2016-06-19,5182,Product1
2016-06-2,3486,Product1
2016-06-21,4182,Product1
2016-06-22,4202,Product1
2016-06-23,4403,Product1
2016-06-24,4658,Product1
2016-06-25,4927,Product1
2016-06-26,5368,Product1
2016-06-27,3542,Product1
2016-06-28,4044,Product1
2016-06-29,3883,Product1
2016-06-3,4339,Product1
2016-07-01,5025,Product1
2016-07-02,5247,Product1
2016-07-03,5605,Product1
2016-07-04,3643,Product1
2016-07-05,4326,Product1
2016-07-06,4298,Product1
2016-07-07,4602,Product1
2016-07-08,4908,Product1
2016-07-09,5258,Product1
2016-07-1,5589,Product1
2016-07-11,3643,Product1
2016-07-12,4254,Product1
2016-07-13,4396,Product1
2016-07-14,4652,Product1
2016-07-15,4828,Product1
2016-07-16,5285,Product1
2016-07-17,5593,Product1
2016-07-18,3679,Product1
2016-07-19,4242,Product1
2016-07-2,4390,Product1
2016-07-21,4664,Product1
2016-07-22,5043,Product1
2016-07-23,5117,Product1
2016-07-24,5415,Product1
2016-07-25,3644,Product1
2016-07-26,4305,Product1
2016-07-27,4293,Product1
2016-07-28,4673,Product1
2016-07-29,4904,Product1
2016-07-3,5225,Product1
2016-07-31,5647,Product1
2016-08-01,3283,Product1
2016-08-02,3890,Product1
2016-08-03,3878,Product1
2016-08-04,4001,Product1
2016-08-05,4370,Product1
2016-08-06,4871,Product1
2016-08-07,4854,Product1
2016-08-08,3244,Product1
2016-08-09,3805,Product1
2016-08-1,3812,Product1
2016-08-11,3981,Product1
2016-08-12,4322,Product1
2016-08-13,4621,Product1
2016-08-14,4910,Product1
2016-08-15,3305,Product1
2016-08-16,3779,Product1
2016-08-17,3714,Product1
2016-08-18,4022,Product1
2016-08-19,4414,Product1
2016-08-2,4503,Product1
2016-08-21,4884,Product1
2016-08-22,3244,Product1
2016-08-23,3801,Product1
2016-08-24,3840,Product1
2016-08-25,4072,Product1
2016-08-26,4350,Product1
2016-08-27,4591,Product1
2016-08-28,4839,Product1
2016-08-29,3273,Product1
2016-08-3,3658,Product1
2016-08-31,3854,Product1
2016-09-01,3933,Product1
2016-09-02,4021,Product1
2016-09-03,4226,Product1
2016-09-04,4623,Product1
2016-09-05,2963,Product1
2016-09-06,3491,Product1
2016-09-07,3407,Product1
2016-09-08,3790,Product1
2016-09-09,4144,Product1
2016-09-1,4294,Product1
2016-09-11,4535,Product1
2016-09-12,2948,Product1
2016-09-13,3561,Product1
2016-09-14,3457,Product1
2016-09-15,3785,Product1
2016-09-16,4145,Product1
2016-09-17,4307,Product1
2016-09-18,4644,Product1
2016-09-19,3086,Product1
2016-09-2,3489,Product1
2016-09-21,3443,Product1
2016-09-22,3733,Product1
2016-09-23,4117,Product1
2016-09-24,4294,Product1
2016-09-25,4528,Product1
2016-09-26,3042,Product1
2016-09-27,3529,Product1
2016-09-28,3606,Product1
2016-09-29,3801,Product1
2016-09-3,4076,Product1
2016-10-01,3875,Product1
2016-10-02,4127,Product1
2016-10-03,2909,Product1
2016-10-04,3296,Product1
2016-10-05,3296,Product1
2016-10-06,3466,Product1
2016-10-07,3774,Product1
2016-10-08,3999,Product1
2016-10-09,4254,Product1
2016-10-1,2744,Product1
2016-10-11,3304,Product1
2016-10-12,3311,Product1
2016-10-13,3526,Product1
2016-10-14,3748,Product1
2016-10-15,4130,Product1
2016-10-16,4316,Product1
2016-10-17,2711,Product1
2016-10-18,3282,Product1
2016-10-19,3309,Product1
2016-10-2,3530,Product1
2016-10-21,3765,Product1
2016-10-22,3994,Product1
2016-10-23,4289,Product1
2016-10-24,2800,Product1
2016-10-25,3382,Product1
2016-10-26,3205,Product1
2016-10-27,3602,Product1
2016-10-28,3849,Product1
2016-10-29,4033,Product1
2016-10-3,4091,Product1
2016-10-31,2836,Product1
2016-11-01,3497,Product1
2016-11-02,3525,Product1
2016-11-03,3848,Product1
2016-11-04,4082,Product1
2016-11-05,4337,Product1
2016-11-06,4626,Product1
2016-11-07,3026,Product1
2016-11-08,3546,Product1
2016-11-09,3679,Product1
2016-11-1,3720,Product1
2016-11-11,4106,Product1
2016-11-12,4221,Product1
2016-11-13,4605,Product1
2016-11-14,3026,Product1
2016-11-15,3458,Product1
2016-11-16,3551,Product1
2016-11-17,3763,Product1
2016-11-18,4131,Product1
2016-11-19,4306,Product1
2016-11-2,4674,Product1
2016-11-21,3008,Product1
2016-11-22,3528,Product1
2016-11-23,3514,Product1
2016-11-24,3778,Product1
2016-11-25,4062,Product1
2016-11-26,4314,Product1
2016-11-27,4547,Product1
2016-11-28,3067,Product1
2016-11-29,3584,Product1
2016-11-3,3576,Product1
2016-12-01,2743,Product1
2016-12-02,2830,Product1
2016-12-03,3147,Product1
2016-12-04,3248,Product1
2016-12-05,2193,Product1
2016-12-06,2452,Product1
2016-12-07,2480,Product1
2016-12-08,2792,Product1
2016-12-09,2841,Product1
2016-12-1,3130,Product1
2016-12-11,3194,Product1
2016-12-12,2188,Product1
2016-12-13,2549,Product1
2016-12-14,2526,Product1
2016-12-15,2732,Product1
2016-12-16,2913,Product1
2016-12-17,3055,Product1
2016-12-18,3270,Product1
2016-12-19,2215,Product1
2016-12-2,2540,Product1
2016-12-21,2445,Product1
2016-12-22,2739,Product1
2016-12-23,2815,Product1
2016-12-24,3140,Product1
2016-12-25,3194,Product1
2016-12-26,2075,Product1
2016-12-27,2462,Product1
2016-12-28,2491,Product1
2016-12-29,2801,Product1
2016-12-3,2847,Product1
2016-12-31,3092,Product1
2017-01-01,3044,Product1
2017-01-02,1967,Product1
2017-01-03,2481,Product1
2017-01-04,2348,Product1
2017-01-05,2648,Product1
2017-01-06,2677,Product1
2017-01-07,2861,Product1
2017-01-08,2988,Product1
2017-01-09,2018,Product1
2017-01-1,2471,Product1
2017-01-11,2386,Product1
2017-01-12,2458,Product1
2017-01-13,2641,Product1
2017-01-14,2835,Product1
2017-01-15,3042,Product1
2017-01-16,1912,Product1
2017-01-17,2350,Product1
2017-01-18,2355,Product1
2017-01-19,2456,Product1
2017-01-2,2701,Product1
2017-01-21,2869,Product1
2017-01-22,3030,Product1
2017-01-23,2066,Product1
2017-01-24,2427,Product1
2017-01-25,2298,Product1
2017-01-26,2493,Product1
2017-01-27,2591,Product1
2017-01-28,2788,Product1
2017-01-29,2933,Product1
2017-01-3,2025,Product1
2017-01-31,2385,Product1
2017-02-01,2675,Product1
2017-02-02,2831,Product1
2017-02-03,3026,Product1
2017-02-04,3224,Product1
2017-02-05,3413,Product1
2017-02-06,2270,Product1
2017-02-07,2630,Product1
2017-02-08,2591,Product1
2017-02-09,2749,Product1
2017-02-1,2959,Product1
2017-02-11,3259,Product1
2017-02-12,3350,Product1
2017-02-13,2184,Product1
2017-02-14,2613,Product1
2017-02-15,2676,Product1
2017-02-16,2815,Product1
2017-02-17,3079,Product1
2017-02-18,3206,Product1
2017-02-19,3391,Product1
2017-02-2,2167,Product1
2017-02-21,2563,Product1
2017-02-22,2614,Product1
2017-02-23,2828,Product1
2017-02-24,3052,Product1
2017-02-25,3289,Product1
2017-02-26,3382,Product1
2017-02-27,2231,Product1
2017-02-28,2635,Product1
2017-03-01,3179,Product1
2017-03-02,3389,Product1
2017-03-03,3640,Product1
2017-03-04,3799,Product1
2017-03-05,4048,Product1
2017-03-06,2796,Product1
2017-03-07,3137,Product1
2017-03-08,3236,Product1
2017-03-09,3439,Product1
2017-03-1,3502,Product1
2017-03-11,3790,Product1
2017-03-12,4094,Product1
2017-03-13,2755,Product1
2017-03-14,3263,Product1
2017-03-15,3168,Product1
2017-03-16,3370,Product1
2017-03-17,3646,Product1
2017-03-18,3849,Product1
2017-03-19,4081,Product1
2017-03-2,2710,Product1
2017-03-21,3208,Product1
2017-03-22,3310,Product1
2017-03-23,3299,Product1
2017-03-24,3559,Product1
2017-03-25,3796,Product1
2017-03-26,4091,Product1
2017-03-27,2724,Product1
2017-03-28,3116,Product1
2017-03-29,3205,Product1
2017-03-3,3409,Product1
2017-03-31,3475,Product1
2017-04-01,4402,Product1
2017-04-02,4722,Product1
2017-04-03,3039,Product1
2017-04-04,3619,Product1
2017-04-05,3548,Product1
2017-04-06,3896,Product1
2017-04-07,4309,Product1
2017-04-08,4449,Product1
2017-04-09,4667,Product1
2017-04-1,3223,Product1
2017-04-11,3599,Product1
2017-04-12,3705,Product1
2017-04-13,3870,Product1
2017-04-14,4240,Product1
2017-04-15,4512,Product1
2017-04-16,4647,Product1
2017-04-17,3089,Product1
2017-04-18,3547,Product1
2017-04-19,3724,Product1
2017-04-2,4026,Product1
2017-04-21,4173,Product1
2017-04-22,4401,Product1
2017-04-23,4746,Product1
2017-04-24,3194,Product1
2017-04-25,3724,Product1
2017-04-26,3674,Product1
2017-04-27,3820,Product1
2017-04-28,4286,Product1
2017-04-29,4508,Product1
2017-04-3,4672,Product1
2017-05-01,3292,Product1
2017-05-02,4097,Product1
2017-05-03,3965,Product1
2017-05-04,4134,Product1
2017-05-05,4498,Product1
2017-05-06,4747,Product1
2017-05-07,5065,Product1
2017-05-08,3477,Product1
2017-05-09,3958,Product1
2017-05-1,4010,Product1
2017-05-11,4253,Product1
2017-05-12,4440,Product1
2017-05-13,4723,Product1
2017-05-14,5033,Product1
2017-05-15,3325,Product1
2017-05-16,3937,Product1
2017-05-17,3929,Product1
2017-05-18,4240,Product1
2017-05-19,4574,Product1
2017-05-2,4792,Product1
2017-05-21,5100,Product1
2017-05-22,3342,Product1
2017-05-23,3798,Product1
2017-05-24,3923,Product1
2017-05-25,4238,Product1
2017-05-26,4625,Product1
2017-05-27,4853,Product1
2017-05-28,5039,Product1
2017-05-29,3369,Product1
2017-05-3,3782,Product1
2017-05-31,3916,Product1
2017-06-01,4498,Product1
2017-06-02,4720,Product1
2017-06-03,5145,Product1
2017-06-04,5387,Product1
2017-06-05,3632,Product1
2017-06-06,4251,Product1
2017-06-07,4269,Product1
2017-06-08,4529,Product1
2017-06-09,4776,Product1
2017-06-1,5179,Product1
2017-06-11,5379,Product1
2017-06-12,3493,Product1
2017-06-13,4208,Product1
2017-06-14,4311,Product1
2017-06-15,4493,Product1
2017-06-16,4754,Product1
2017-06-17,5090,Product1
2017-06-18,5415,Product1
2017-06-19,3558,Product1
2017-06-2,4108,Product1
2017-06-21,4191,Product1
2017-06-22,4505,Product1
2017-06-23,4732,Product1
2017-06-24,5080,Product1
2017-06-25,5408,Product1
2017-06-26,3604,Product1
2017-06-27,4142,Product1
2017-06-28,4198,Product1
2017-06-29,4521,Product1
2017-06-3,4779,Product1
2017-07-01,5433,Product1
2017-07-02,5771,Product1
2017-07-03,3847,Product1
2017-07-04,4441,Product1
2017-07-05,4412,Product1
2017-07-06,4852,Product1
2017-07-07,5086,Product1
2017-07-08,5317,Product1
2017-07-09,5689,Product1
2017-07-1,3911,Product1
2017-07-11,4487,Product1
2017-07-12,4328,Product1
2017-07-13,4669,Product1
2017-07-14,5003,Product1
2017-07-15,5368,Product1
2017-07-16,5765,Product1
2017-07-17,3811,Product1
2017-07-18,4374,Product1
2017-07-19,4475,Product1
2017-07-2,4725,Product1
2017-07-21,5246,Product1
2017-07-22,5500,Product1
2017-07-23,5839,Product1
2017-07-24,3854,Product1
2017-07-25,4597,Product1
2017-07-26,4483,Product1
2017-07-27,4853,Product1
2017-07-28,5043,Product1
2017-07-29,5396,Product1
2017-07-3,5755,Product1
2017-07-31,3775,Product1
2017-08-01,3936,Product1
2017-08-02,3880,Product1
2017-08-03,4252,Product1
2017-08-04,4447,Product1
2017-08-05,4775,Product1
2017-08-06,5000,Product1
2017-08-07,3369,Product1
2017-08-08,4016,Product1
2017-08-09,3945,Product1
2017-08-1,4343,Product1
2017-08-11,4609,Product1
2017-08-12,4785,Product1
2017-08-13,4984,Product1
2017-08-14,3350,Product1
2017-08-15,3846,Product1
2017-08-16,3944,Product1
2017-08-17,4311,Product1
2017-08-18,4548,Product1
2017-08-19,4775,Product1
2017-08-2,5173,Product1
2017-08-21,3340,Product1
2017-08-22,3904,Product1
2017-08-23,4018,Product1
2017-08-24,4214,Product1
2017-08-25,4506,Product1
2017-08-26,4966,Product1
2017-08-27,5263,Product1
2017-08-28,3322,Product1
2017-08-29,4019,Product1
2017-08-3,3875,Product1
2017-08-31,4148,Product1
2017-09-01,4142,Product1
2017-09-02,4404,Product1
2017-09-03,4675,Product1
2017-09-04,3137,Product1
2017-09-05,3603,Product1
2017-09-06,3750,Product1
2017-09-07,3869,Product1
2017-09-08,4229,Product1
2017-09-09,4478,Product1
2017-09-1,4694,Product1
2017-09-11,3103,Product1
2017-09-12,3656,Product1
2017-09-13,3724,Product1
2017-09-14,4081,Product1
2017-09-15,4145,Product1
2017-09-16,4546,Product1
2017-09-17,4854,Product1
2017-09-18,3131,Product1
2017-09-19,3605,Product1
2017-09-2,3680,Product1
2017-09-21,3914,Product1
2017-09-22,4126,Product1
2017-09-23,4448,Product1
2017-09-24,4792,Product1
2017-09-25,3205,Product1
2017-09-26,3626,Product1
2017-09-27,3715,Product1
2017-09-28,3989,Product1
2017-09-29,4233,Product1
2017-09-3,4484,Product1
2017-10-01,4423,Product1
2017-10-02,2930,Product1
2017-10-03,3433,Product1
2017-10-04,3344,Product1
2017-10-05,3695,Product1
2017-10-06,3882,Product1
2017-10-07,4098,Product1
2017-10-08,4268,Product1
2017-10-09,2901,Product1
2017-10-1,3342,Product1
2017-10-11,3413,Product1
2017-10-12,3703,Product1
2017-10-13,3973,Product1
2017-10-14,4187,Product1
2017-10-15,4371,Product1
2017-10-16,2964,Product1
2017-10-17,3413,Product1
2017-10-18,3529,Product1
2017-10-19,3754,Product1
2017-10-2,3877,Product1
2017-10-21,4162,Product1
2017-10-22,4422,Product1
2017-10-23,3020,Product1
2017-10-24,3424,Product1
2017-10-25,3499,Product1
2017-10-26,3629,Product1
2017-10-27,3861,Product1
2017-10-28,4191,Product1
2017-10-29,4385,Product1
2017-10-3,2954,Product1
2017-10-31,3445,Product1
2017-11-01,3525,Product1
2017-11-02,4013,Product1
2017-11-03,4206,Product1
2017-11-04,4384,Product1
2017-11-05,4834,Product1
2017-11-06,3133,Product1
2017-11-07,3733,Product1
2017-11-08,3652,Product1
2017-11-09,3905,Product1
2017-11-1,4195,Product1
2017-11-11,4405,Product1
2017-11-12,4740,Product1
2017-11-13,3110,Product1
2017-11-14,3762,Product1
2017-11-15,3746,Product1
2017-11-16,3960,Product1
2017-11-17,4141,Product1
2017-11-18,4466,Product1
2017-11-19,4716,Product1
2017-11-2,3144,Product1
2017-11-21,3827,Product1
2017-11-22,3679,Product1
2017-11-23,4003,Product1
2017-11-24,4258,Product1
2017-11-25,4475,Product1
2017-11-26,4853,Product1
2017-11-27,3144,Product1
2017-11-28,3707,Product1
2017-11-29,3654,Product1
2017-11-3,3988,Product1
2017-12-01,3022,Product1
2017-12-02,3165,Product1
2017-12-03,3451,Product1
2017-12-04,2220,Product1
2017-12-05,2602,Product1
2017-12-06,2549,Product1
2017-12-07,2870,Product1
2017-12-08,2952,Product1
2017-12-09,3129,Product1
2017-12-1,3417,Product1
2017-12-11,2213,Product1
2017-12-12,2595,Product1
2017-12-13,2670,Product1
2017-12-14,2808,Product1
2017-12-15,3029,Product1
2017-12-16,3276,Product1
2017-12-17,3322,Product1
2017-12-18,2257,Product1
2017-12-19,2695,Product1
2017-12-2,2671,Product1
2017-12-21,2886,Product1
2017-12-22,3054,Product1
2017-12-23,3233,Product1
2017-12-24,3347,Product1
2017-12-25,2318,Product1
2017-12-26,2581,Product1
2017-12-27,2624,Product1
2017-12-28,2839,Product1
2017-12-29,3025,Product1
2017-12-3,3151,Product1
2017-12-31,3370,Product1
